BlockID,TrialID,TrialIDSource
1,1,mts-pseudowords-1
2,2,mts-pseudowords-1
3,3,mts-pseudowords-1
4,4,mts-pseudowords-1
5,5,mts-pseudowords-1
6,6,mts-pseudowords-1
6,7,mts-pseudowords-1
7,8,mts-pseudowords-1
7,9,mts-pseudowords-1
8,10,mts-pseudowords-1
9,11,mts-pseudowords-1
10,12,mts-pseudowords-1
10,13,mts-pseudowords-1
10,14,mts-pseudowords-1
11,15,mts-pseudowords-1
11,16,mts-pseudowords-1
11,17,mts-pseudowords-1
12,18,mts-pseudowords-1
13,19,mts-pseudowords-1
14,20,mts-pseudowords-1
14,21,mts-pseudowords-1
14,22,mts-pseudowords-1
14,23,mts-pseudowords-1
15,24,mts-pseudowords-1
15,25,mts-pseudowords-1
15,26,mts-pseudowords-1
15,27,mts-pseudowords-1
